text,domain
Note that Distributed systems में CAP theorem consistency और availability के trade-offs explain करती है।,computer_science
Note that Multivariate calculus में gradient vector maximum increase की direction point करता है।,mathematics
Note that Social media campaign environmental sustainability promote करने में widely use हो रहा है।,general
सॉफ्टमैक्स फलन आउटपुट को संभाव्यता वितरण में परिवर्तित करता है।,deep_learning
In technical documentation: Solar photovoltaic panels convert incident sunlight into clean electrical power for homes.,general
The determinant of a square matrix indicates whether the matrix is invertible and non-singular.,mathematics
Regularization techniques like weight decay prevent overfitting by penalizing large parameter values.,deep_learning
"अध्ययन और शोध के अनुसार, बैच सामान्यीकरण प्रशिक्षण को स्थिर करता है और गति बढ़ाता है।",deep_learning
In technical documentation: Garbage collection automatically reclaims heap memory occupied by unreachable runtime objects.,computer_science
In technical documentation: The spectral theorem guarantees that real symmetric matrices admit orthogonal diagonalizations.,mathematics
अभाज्य संख्याएँ वे प्राकृतिक संख्याएँ हैं जो केवल 1 और स्वयं से विभाज्य होती हैं।,mathematics
In technical documentation: Batch normalization stabilizes training by normalizing layer activations across a mini-batch.,deep_learning
The fundamental theorem of calculus connects differentiation and integration as inverse operations.,mathematics
सक्रियण फलन जैसे रेलु नेटवर्क में गैर-रैखिकता लाते हैं।,deep_learning
Historians study archaeological artifacts to reconstruct the social customs of ancient civilizations.,general
Fourier transform signals को time domain से frequency domain में decompose करता है।,mathematics
"अध्ययन और शोध के अनुसार, रैखिक बीजगणित सदिश अंतरिक्ष और रैखिक परिवर्तनों का अध्ययन करता है।",mathematics
A differentiable manifold locally resembles Euclidean space and admits differential calculus.,mathematics
Note that Public-key cryptography private और public keys use करके digital signatures verify करती है।,computer_science
Community kitchens provide warm nutritious meals and social companionship for elderly urban residents.,general
ज्ञान आसवन एक बड़े शिक्षक मॉडल से छोटे छात्र मॉडल में ज्ञान स्थानांतरित करता है।,deep_learning
Note that Cross-attention mechanism queries को decoder से और keys को encoder से लेता है।,deep_learning
"अध्ययन और शोध के अनुसार, कम्प्यूटेशनल ज्यामिति ज्यामितीय समस्याओं के एल्गोरिथम समाधान का अध्ययन करती है।",mathematics
A language model learns to predict the next token given all previous tokens in the context.,deep_learning
"अध्ययन और शोध के अनुसार, आवर्ती तंत्रिका नेटवर्क समय श्रृंखला और अनुक्रमिक डेटा के लिए उपयुक्त हैं।",deep_learning
Note that Taylor series expansion differentiable function को polynomial approximation provide करता है।,mathematics
"The hotel offers panoramic sea views, complimentary breakfast buffets, and private swimming pools.",general
Variance measures the expected squared deviation of a random variable from its mathematical mean.,mathematics
In technical documentation: Semaphores and mutexes synchronize access to critical sections in concurrent multithreaded programs.,computer_science
In technical documentation: Graph neural networks update node representations by aggregating features from local neighborhood graphs.,deep_learning
The transformer architecture uses multi-head self-attention to weigh relationships between tokens.,deep_learning
Note that Vision Transformers image patches को sequence tokens की तरह treat करते हैं।,deep_learning
Binary search achieves logarithmic time complexity by halving the search interval repeatedly.,computer_science
Paxos and Raft consensus protocols coordinate distributed cluster state under network partitions.,computer_science
The annual music festival attracted thousands of international travelers and cultural performers.,general
In technical documentation: Consistency models in distributed systems define rules for read visibility after distributed writes.,computer_science
Environmental awareness campaign में school students ने enthusiastically participate किया।,general
In technical documentation: Dynamic programming solves optimization problems by breaking them into overlapping subproblems.,computer_science
Note that Dynamic programming overlapping subproblems को solve करके optimal solution निकालती है।,computer_science
The civic auditorium hosted a public debate regarding municipal zoning and affordable housing development.,general
"अध्ययन और शोध के अनुसार, कैश मेमोरी मुख्य मेमोरी की तुलना में बहुत तेज डेटा एक्सेस गति प्रदान करती है।",computer_science
Note that Pretrained language model को downstream task पर fine-tune करना efficient रहता है।,deep_learning
In technical documentation: Variational autoencoders maximize the evidence lower bound on marginal data log-likelihood.,deep_learning
पारंपरिक व्यंजनों का स्वाद और पोषण आधुनिक खान-पान से कहीं बेहतर माना जाता है।,general
"अध्ययन और शोध के अनुसार, बिटवाइज़ ऑपरेटर बाइनरी स्तर पर बिट्स में हेरफेर करने के लिए उपयोग किए जाते हैं।",computer_science
In technical documentation: Urban gardening projects transform vacant city lots into productive community vegetable plots.,general
वार्षिक संगीत समारोह में देशभर से कलाकारों और पर्यटकों ने भाग लिया।,general
"अध्ययन और शोध के अनुसार, अवकल समीकरण भौतिक प्रणालियों और तरंगों के व्यवहार को दर्शाते हैं।",mathematics
बागवानी का शौक घर के वातावरण को सुंदर और हरा-भरा बनाए रखने का एक अच्छा माध्यम है।,general
In technical documentation: Linear independence guarantees that no vector in a set can be written as a linear combination of others.,mathematics
In technical documentation: Contrastive learning aligns positive pair representations while pushing negative pairs apart.,deep_learning
Note that TCP protocol reliable packet delivery provide करता है जबकि UDP fast connectionless transfer करता है।,computer_science
"अध्ययन और शोध के अनुसार, क्लाउड कंप्यूटिंग इंटरनेट के माध्यम से कंप्यूटिंग सेवाएं और स्टोरेज प्रदान करती है।",computer_science
Deterministic finite automata recognize regular languages without requiring auxilliary stack memory.,computer_science
"Operating systems manage hardware resources, process scheduling, and virtual memory paging.",computer_science
Public-key cryptography uses asymmetric key pairs for digital signatures and secure key exchange.,computer_science
Note that Weekend पर weather forecast ने clear sky और pleasant temperature predict किया है।,general
Layer normalization normalizes activations within each training example rather than across the batch.,deep_learning
Note that Charity organization orphan children के लिए educational scholarships provide करती है।,general
In technical documentation: Riemannian geometry equips smooth manifolds with smoothly varying inner products on tangent spaces.,mathematics
कतार डेटा संरचना फर्स्ट-इन-फर्स्ट-आउट (FIFO) सिद्धांत का पालन करती है।,computer_science
The conference keynote addressed sustainable urban planning and renewable energy adoption.,general
जनरेटिव एडवरसैरियल नेटवर्क में जनरेटर और डिस्क्रिमिनेटर आपस में प्रतिस्पर्धा करते हैं।,deep_learning
In technical documentation: Clean drinking water sanitation infrastructure is vital for public hygiene and disease prevention.,general
Deep feedforward networks approximate complex non-linear functions via composed hidden layers.,deep_learning
Lagrange multipliers locate constrained extrema of differentiable functions subject to equality constraints.,mathematics
Embedding lookup layers map discrete token IDs to dense continuous representation vectors.,deep_learning
"Kubernetes orchestrates container deployment, scaling, and automated container lifecycle management.",computer_science
Residual connections help deep networks train by allowing gradients to flow directly through layers.,deep_learning
Model evaluation के लिए validation loss और test perplexity calculate की जाती है।,deep_learning
Note that Healthy diet और regular morning walk overall wellness के लिए best हैं।,general
"अध्ययन और शोध के अनुसार, ऑब्जेक्ट ओरिएंटेड प्रोग्रामिंग इनकैप्सुलेशन और इनहेरिटेंस के सिद्धांतों पर आधारित है।",computer_science
"In technical documentation: Continuous integration pipelines automatically build, lint, and test committed codebase revisions.",computer_science
"In technical documentation: Reverse proxies terminate SSL sessions, balance traffic, and cache static assets for web servers.",computer_science
"Note that Kubernetes containers की deployment, scaling और automated lifecycle management करता है।",computer_science
Convex optimization problems possess the property that every local minimum is a global minimum.,mathematics
In technical documentation: Merge sort is a stable divide-and-conquer sorting algorithm with guaranteed O(n log n) runtime.,computer_science
In technical documentation: LoRA achieves parameter-efficient fine-tuning by decomposing weight updates into low-rank matrices.,deep_learning
The astronomy club set up optical telescopes in the countryside for nighttime stargazing observation.,general
In technical documentation: Fresh organic vegetables and seasonal fruits provide essential vitamins and dietary minerals.,general
Taylor series expansions approximate differentiable functions using infinite polynomial sums.,mathematics
डेडलॉक तब होता है जब दो या दो से अधिक प्रक्रियाएं एक-दूसरे के संसाधनों का इंतजार करती हैं।,computer_science
In technical documentation: Volunteers planted indigenous shade trees along the riverbank to counter soil erosion.,general
In technical documentation: Avian researchers documented nesting behaviors of coastal seabirds during high tide cycles.,general
In technical documentation: Effective communication and active listening foster productive professional working relationships.,general
SQL injection exploits unsanitized database queries to manipulate backend database contents.,computer_science
In technical documentation: Public transportation networks in metropolitan cities reduce traffic congestion and carbon emissions.,general
Avian researchers documented nesting behaviors of coastal seabirds during high tide cycles.,general
"अध्ययन और शोध के अनुसार, वेट डिके मॉडल मापदंडों के परिमाण को सीमित करके ओवरफिक्सिंग रोकता है।",deep_learning
क्रॉस-एन्ट्रॉपी हानि भविष्यवाणी और वास्तविक लेबल के बीच त्रुटि मापती है।,deep_learning
Dynamic programming overlapping subproblems को solve करके optimal solution निकालती है।,computer_science
"अध्ययन और शोध के अनुसार, माइक्रोसर्विसेज आर्किटेक्चर बड़े अनुप्रयोगों को स्वतंत्र सेवाओं में विभाजित करता है।",computer_science
"In technical documentation: Database transactions adhere to ACID properties: atomicity, consistency, isolation, and durability.",computer_science
Note that Local market में handmade crafts और traditional souvenirs की shopping काफी popular है।,general
Note that Model evaluation के लिए validation loss और test perplexity calculate की जाती है।,deep_learning
In technical documentation: Context switching preserves processor registers and program counter state during thread multitasking.,computer_science
In technical documentation: Depth-first search and breadth-first search explore graph vertices using stacks and queues respectively.,computer_science
The divergence theorem relates surface fluxes of vector fields to volume integrals of divergence.,mathematics
Matrix का determinant non-zero होने पर ही matrix invertible होती है।,mathematics
In technical documentation: A Cauchy sequence in a complete metric space converges to a point within that metric space.,mathematics
Covariance matrix features के बीच pairwise correlation measure करता है।,mathematics
Backpropagation computes gradients of the loss with respect to each weight using the chain rule.,deep_learning
"अध्ययन और शोध के अनुसार, फाइन-ट्यूनिंग पूर्व-प्रशिक्षित मॉडल को विशिष्ट कार्य के लिए अनुकूलित करता है।",deep_learning
Urban planning department affordable housing projects develop करने पर focus कर रहा है।,general
In technical documentation: The international airport opened a new passenger terminal with automated baggage handling systems.,general
A Cauchy sequence in a complete metric space converges to a point within that metric space.,mathematics
In technical documentation: Temperature scaling controls the randomness of token sampling during language model inference.,deep_learning
Note that Mixture of Experts architecture conditional routing के जरिए specific experts call करता है।,deep_learning
In technical documentation: Null spaces of linear transformations contain all vectors mapped directly to the zero vector.,mathematics
"अध्ययन और शोध के अनुसार, लाग्रेंज गुणक बाधाओं के अधीन फलनों के अधिकतम या न्यूनतम मान खोजने में मदद करते हैं।",mathematics
In technical documentation: Complex numbers extend real numbers by introducing an imaginary unit whose square equals minus one.,mathematics
ग्रेडिएंट डिसेंट एल्गोरिदम हानि फलन को न्यूनतम करने के लिए प्रत्येक वजन को अद्यतित करता है।,deep_learning
The bookstore hosted an evening poetry reading featuring contemporary authors and literary critics.,general
University campus में new student hostel और sports complex का उद्घाटन हुआ।,general
Library membership लेकर students digital books और journals access कर सकते हैं।,general
"अध्ययन और शोध के अनुसार, कतार डेटा संरचना फर्स्ट-इन-फर्स्ट-आउट (FIFO) सिद्धांत का पालन करती है।",computer_science
"Continuous integration pipelines automatically build, lint, and test committed codebase revisions.",computer_science
The international airport opened a new passenger terminal with automated baggage handling systems.,general
The theatre troupe performed a modern theatrical adaptation of Shakespeare classical tragedy.,general
In technical documentation: Self-attention allows each token to attend to all other tokens in a sequence simultaneously.,deep_learning
"अध्ययन और शोध के अनुसार, बाइनरी सर्च सॉर्ट किए गए एरे में तत्वों को खोजने के लिए लॉगरिदमिक समय लेता है।",computer_science
The weekly newspaper published investigative features on regional agricultural policies and water rights.,general
In technical documentation: Probability distributions satisfy axioms of non-negativity and unitary total measure.,mathematics
Note that Hash table average case में constant time O(1) insertion और lookup provide करती है।,computer_science
Contrastive learning aligns positive pair representations while pushing negative pairs apart.,deep_learning
Note that Diffusion model gradual noise removal के through realistic images generate करता है।,deep_learning
"अध्ययन और शोध के अनुसार, जनरेटिव एडवरसैरियल नेटवर्क में जनरेटर और डिस्क्रिमिनेटर आपस में प्रतिस्पर्धा करते हैं।",deep_learning
Object-oriented programming में polymorphism और inheritance code reusability बढ़ाते हैं।,computer_science
Semaphores and mutexes synchronize access to critical sections in concurrent multithreaded programs.,computer_science
Variational autoencoders maximize the evidence lower bound on marginal data log-likelihood.,deep_learning
Note that Direct Preference Optimization (DPO) language policy को human feedback के साथ align करता है।,deep_learning
Singular value decomposition (SVD) matrix factorization की powerful technique है।,mathematics
Note that Encoder-decoder architecture text generation और translation में बहुत प्रभावी है।,deep_learning
Deep learning में backpropagation की सहायता से weights और biases को optimize करते हैं।,deep_learning
Vision Transformers image patches को sequence tokens की तरह treat करते हैं।,deep_learning
The central limit theorem states that sample means converge toward a normal distribution.,mathematics
Fresh groceries order करने के लिए local supermarkets home delivery offer करते हैं।,general
"अध्ययन और शोध के अनुसार, अस्पतालों में आधुनिक स्वास्थ्य सुविधाओं की उपलब्धता से मरीजों को राहत मिली है।",general
Mixture of experts dynamically routes incoming tokens to specialized feedforward sub-networks.,deep_learning
"अध्ययन और शोध के अनुसार, योग और ध्यान का नियमित अभ्यास तनाव को दूर करने में सहायक सिद्ध होता है।",general
Random variables map outcomes from probability sample spaces to measurable real numbers.,mathematics
Virtual memory uses page tables and translation lookaside buffers to map virtual addresses to physical RAM.,computer_science
Note that Probability theory में Bayes theorem conditional probability compute करने के लिए use होती है।,mathematics
In technical documentation: Residue theorems in complex analysis evaluate contour integrals using function pole residues.,mathematics
Note that Softmax layer output logits को probability distribution में convert करती है।,deep_learning
The rank of a matrix equals the dimension of the vector space spanned by its row or column vectors.,mathematics
फाइन-ट्यूनिंग पूर्व-प्रशिक्षित मॉडल को विशिष्ट कार्य के लिए अनुकूलित करता है।,deep_learning
Riemannian geometry equips smooth manifolds with smoothly varying inner products on tangent spaces.,mathematics
Weather forecasts predict intermittent rain showers and moderate temperatures throughout the weekend.,general
Stoke theorem equates surface integrals of vector curls to line integrals along bounding boundaries.,mathematics
केंद्रीय सीमा प्रमेय बताता है कि बड़े नमूनों का वितरण सामान्य वितरण की ओर प्रवृत्त होता है।,mathematics
Mixture of Experts architecture conditional routing के जरिए specific experts call करता है।,deep_learning
"In technical documentation: Pointers store memory addresses directly, enabling dynamic memory allocation on the heap.",computer_science
"अध्ययन और शोध के अनुसार, अति-अनुकूलन को रोकने के लिए नियमितीकरण और ड्रॉपआउट का उपयोग किया जाता है।",deep_learning
"In technical documentation: The museum exhibition showcases Renaissance oil paintings, classical sculptures, and historical documents.",general
Graph traversal के लिए DFS recursion use करता है जबकि BFS queue data structure use करता है।,computer_science
Sequence modeling में LSTM और GRU hidden states maintain करते हैं।,deep_learning
In technical documentation: Stochastic gradient descent updates network weights using mini-batches sampled with replacement.,deep_learning
Bayes theorem calculates posterior conditional probability from prior distributions and likelihoods.,mathematics
In technical documentation: Gradient clipping prevents exploding gradients during recurrent network backpropagation through time.,deep_learning
In technical documentation: Proper sleep hygiene and consistent bedtime schedules improve cognitive focus and immune defense.,general
In technical documentation: Lexical analyzers parse source character streams into meaningful grammar tokens.,computer_science
In technical documentation: Quick sort partitions an array around a chosen pivot element and sorts subarrays recursively.,computer_science
Note that Simplex algorithm linear programming problems को optimize करने के लिए use होता है।,mathematics
In technical documentation: Warmup schedules linearly increase the learning rate over initial iterations to stabilize early optimization.,deep_learning
"In technical documentation: Public cloud platforms offer elastic compute, block storage, and serverless runtime environments.",computer_science
"In technical documentation: Culinary chefs emphasize balanced seasoning, fresh herbs, and artistic plating presentation.",general
In technical documentation: Stoke theorem equates surface integrals of vector curls to line integrals along bounding boundaries.,mathematics
Wildlife sanctuary में safari tour के during visitors ने wild animals spot किए।,general
In technical documentation: Microservices communicate asynchronously via message queues or synchronously via REST APIs.,computer_science
"अध्ययन और शोध के अनुसार, क्रॉस-एन्ट्रॉपी हानि भविष्यवाणी और वास्तविक लेबल के बीच त्रुटि मापती है।",deep_learning
एडम ऑप्टिमाइज़र सीखने की दर को गतिशील रूप से समायोजित करता है।,deep_learning
"अध्ययन और शोध के अनुसार, अवशिष्ट कनेक्शन ग्रेडिएंट्स को सीधे परतों से बहने की अनुमति देते हैं।",deep_learning
Simplex algorithms solve linear programs by traversing adjacent vertices of feasible convex polytopes.,mathematics
The school district renovated primary classrooms with interactive digital displays and ergonomic desks.,general
"In technical documentation: The orchestra rehearsed classical symphonies composed by Mozart, Beethoven, and Brahms.",general
In technical documentation: A metric space is a set equipped with a non-negative distance function satisfying the triangle inequality.,mathematics
Cross-site scripting allows attackers to execute malicious scripts in client browser sessions.,computer_science
Note that Wildlife sanctuary में safari tour के during visitors ने wild animals spot किए।,general
Version control systems like Git record changes to repository files across developmental branches.,computer_science
"अध्ययन और शोध के अनुसार, डायनामिक प्रोग्रामिंग उप-समस्याओं के परिणामों को याद रखकर अनुकूलन समस्याओं को हल करती है।",computer_science
"अध्ययन और शोध के अनुसार, बैकप्रोपेगेशन प्रत्येक परत के लिए ढाल की गणना करने की मानक विधि है।",deep_learning
"अध्ययन और शोध के अनुसार, युवाओं में खेलकूद और फिटनेस के प्रति जागरूकता लगातार बढ़ रही है।",general
In technical documentation: Random variables map outcomes from probability sample spaces to measurable real numbers.,mathematics
मार्कोव श्रृंखलाएं ऐसे स्टोकेस्टिक मॉडल हैं जहां भविष्य केवल वर्तमान स्थिति पर निर्भर करता है।,mathematics
Softmax layer output logits को probability distribution में convert करती है।,deep_learning
Direct preference optimization bypasses reward model training by directly optimizing the language policy.,deep_learning
Sharding partitions large database tables horizontally across distinct database cluster nodes.,computer_science
In technical documentation: The central limit theorem states that sample means converge toward a normal distribution.,mathematics
Supervised fine-tuning trains models on instruction-response pairs to adhere to human intentions.,deep_learning
सॉर्टिंग एल्गोरिदम जैसे क्विक सॉर्ट और मर्ज सॉर्ट डेटा को क्रमबद्ध करते हैं।,computer_science
Volunteers planted indigenous shade trees along the riverbank to counter soil erosion.,general
In technical documentation: Lagrange multipliers locate constrained extrema of differentiable functions subject to equality constraints.,mathematics
Note that Jacobian matrix multivariable function के first-order partial derivatives contain करता है।,mathematics
Consistency models in distributed systems define rules for read visibility after distributed writes.,computer_science
संग्रहालय में प्राचीन काल के सिक्के और ऐतिहासिक पांडुलिपियां प्रदर्शित हैं।,general
In technical documentation: Load balancers distribute incoming network traffic evenly across backend server instances.,computer_science
A bijection is a function that is simultaneously injective one-to-one and surjective onto.,mathematics
ऑपरेटिंग सिस्टम सीपीयू शेड्यूलिंग और मेमोरी प्रबंधन का कार्य करता है।,computer_science
In technical documentation: The divergence theorem relates surface fluxes of vector fields to volume integrals of divergence.,mathematics
Travelers exchanged currency and gathered transit maps at the central railway station information booth.,general
In technical documentation: Instruction pipelining increases instruction throughput by overlapping CPU execution stages.,computer_science
Note that Operating system processes के बीच context switching और memory paging manage करता है।,computer_science
Null spaces of linear transformations contain all vectors mapped directly to the zero vector.,mathematics
In technical documentation: Pruning removes redundant weights or attention heads with minimal degradation in validation accuracy.,deep_learning
In technical documentation: Binary search achieves logarithmic time complexity by halving the search interval repeatedly.,computer_science
"अध्ययन और शोध के अनुसार, मार्कोव श्रृंखलाएं ऐसे स्टोकेस्टिक मॉडल हैं जहां भविष्य केवल वर्तमान स्थिति पर निर्भर करता है।",mathematics
In technical documentation: Gradient vectors point in directions of greatest local increase of scalar-valued functions.,mathematics
Asymptotic analysis evaluates algorithmic time and space scalability using Big-O notation.,computer_science
ऑटोएनकोडर इनपुट डेटा का संकुचित प्रतिनिधित्व सीखते हैं और फिर उसे पुनर्निर्मित करते हैं।,deep_learning
"अध्ययन और शोध के अनुसार, पॉइंटर कंप्यूटर मेमोरी के पते को सीधे संग्रहीत और संदर्भित करता है।",computer_science
"Tourists visited historic castles, cobblestone streets, and medieval cathedrals across Europe.",general
अति-अनुकूलन को रोकने के लिए नियमितीकरण और ड्रॉपआउट का उपयोग किया जाता है।,deep_learning
"In technical documentation: Object-oriented programming relies on encapsulation, inheritance, polymorphism, and abstraction.",computer_science
"The orchestra rehearsed classical symphonies composed by Mozart, Beethoven, and Brahms.",general
In technical documentation: A differentiable manifold locally resembles Euclidean space and admits differential calculus.,mathematics
Note that Differential equations heat flow और vibration mechanics को mathematically model करती हैं।,mathematics
Note that Vector space scalar multiplication और vector addition के under closed रहता है।,mathematics
Buffer overflow vulnerability attacker को arbitrary code execute करने का मौका देती है।,computer_science
Prime numbers have exactly two distinct positive divisors: one and the number itself.,mathematics
Note that Convolutional layers feature maps निकालने के लिए filter kernels apply करती हैं।,deep_learning
"अध्ययन और शोध के अनुसार, सॉफ्टमैक्स फलन आउटपुट को संभाव्यता वितरण में परिवर्तित करता है।",deep_learning
स्वयंसेवकों ने बाढ़ प्रभावित क्षेत्रों में राहत सामग्री और दवाएं वितरित कीं।,general
In technical documentation: Version control systems like Git record changes to repository files across developmental branches.,computer_science
"Interior decorators selected warm ambient lighting, neutral wall paint, and natural wood furnishings.",general
Race conditions arise when unsynchronized concurrent threads access shared state simultaneously.,computer_science
Pruning removes redundant weights or attention heads with minimal degradation in validation accuracy.,deep_learning
In technical documentation: Spectral normalization constrains the Lipschitz constant of discriminator layers in generative models.,deep_learning
ट्रांसफार्मर आर्किटेक्चर ध्यान तंत्र का उपयोग करके शब्दों के बीच संबंधों को मापता है।,deep_learning
Note that Fresh groceries order करने के लिए local supermarkets home delivery offer करते हैं।,general
Deadlock condition तब create होती है जब circular wait और mutual exclusion exist करते हैं।,computer_science
"अध्ययन और शोध के अनुसार, फूरियर रूपांतरण समय-डोमेन संकेतों को आवृत्ति-डोमेन में परिवर्तित करता है।",mathematics
"Hiking enthusiasts packed waterproof jackets, topographic maps, and portable water purification tablets.",general
In technical documentation: The bookstore hosted an evening poetry reading featuring contemporary authors and literary critics.,general
Orthogonal projections decompose vectors into parallel and perpendicular components relative to subspaces.,mathematics
Local market में handmade crafts और traditional souvenirs की shopping काफी popular है।,general
In technical documentation: Weight initialization methods like He and Xavier prevent vanishing or exploding gradients.,deep_learning
"अध्ययन और शोध के अनुसार, ऑटोएनकोडर इनपुट डेटा का संकुचित प्रतिनिधित्व सीखते हैं और फिर उसे पुनर्निर्मित करते हैं।",deep_learning
"अध्ययन और शोध के अनुसार, क्वांटाइजेशन मॉडल के आकार को कम करने के लिए फ्लोटिंग पॉइंट भार को पूर्णांक में बदलता है।",deep_learning
In technical documentation: Diffusion models generate images by learning to reverse a gradual Gaussian noise process.,deep_learning
Cross-attention mechanism queries को decoder से और keys को encoder से लेता है।,deep_learning
Vector dot-product similarity guides semantic retrieval in retrieval-augmented generation pipelines.,deep_learning
"In technical documentation: Operating systems manage hardware resources, process scheduling, and virtual memory paging.",computer_science
Air pollution control करने के लिए electric buses का fleet expand किया जा रहा है।,general
Reinforcement Learning from Human Feedback (RLHF) reward model train करता है।,deep_learning
अवशिष्ट कनेक्शन ग्रेडिएंट्स को सीधे परतों से बहने की अनुमति देते हैं।,deep_learning
मल्टीथ्रेडिंग एक ही प्रोग्राम में कई कार्यों को समानांतर में निष्पादित करने की अनुमति देती है।,computer_science
Public transport use करने से traffic congestion और carbon footprint reduce होता है।,general
Gradient descent iteratively updates model parameters in the direction that reduces training loss.,deep_learning
Poisson distributions model counts of independent events occurring within fixed temporal intervals.,mathematics
In technical documentation: Fourier transforms decompose time-domain functions into continuous frequency-domain spectra.,mathematics
"अध्ययन और शोध के अनुसार, संग्रहालय में प्राचीन काल के सिक्के और ऐतिहासिक पांडुलिपियां प्रदर्शित हैं।",general
Concurrent threads में critical section protect करने के लिए mutex locks use होते हैं।,computer_science
In technical documentation: A peaceful morning walk through the botanical gardens rejuvenates mental energy and reduces daily stress.,general
Max-pooling downsamples feature maps by taking the maximum activation across local receptive fields.,deep_learning
मैट्रिक्स गुणन गैर-क्रमविनिमेय होता है लेकिन साहचर्य नियम का पालन करता है।,mathematics
Linear programming optimizes linear objective functions subject to linear inequality constraints.,mathematics
"Recycling initiatives encourage sorting glass containers, aluminum beverage cans, and paper waste.",general
Note that Deadlock condition तब create होती है जब circular wait और mutual exclusion exist करते हैं।,computer_science
In technical documentation: Singular value decomposition factors real matrices into orthogonal and non-negative diagonal components.,mathematics
Neural network training के दौरान cross-entropy loss को minimize किया जाता है।,deep_learning
"अध्ययन और शोध के अनुसार, विद्यालय के वार्षिकोत्सव में छात्रों ने सांस्कृतिक नृत्यों की रंगारंग प्रस्तुति दी।",general
Note that Virtual memory translation lookaside buffer (TLB) use करके address translation fast बनाती है।,computer_science
Graph coloring algorithms assign labels to graph nodes such that no adjacent vertices share colors.,computer_science
In technical documentation: Orthogonal projections decompose vectors into parallel and perpendicular components relative to subspaces.,mathematics
In technical documentation: Deterministic finite automata recognize regular languages without requiring auxilliary stack memory.,computer_science
Note that Air pollution control करने के लिए electric buses का fleet expand किया जा रहा है।,general
In technical documentation: A deadlock detection algorithm searches for directed cycles in a system resource allocation graph.,computer_science
Merge sort is a stable divide-and-conquer sorting algorithm with guaranteed O(n log n) runtime.,computer_science
कम्प्यूटेशनल ज्यामिति ज्यामितीय समस्याओं के एल्गोरिथम समाधान का अध्ययन करती है।,mathematics
In technical documentation: Prompt tuning conditions frozen language models by prefixing soft continuous embeddings.,deep_learning
In technical documentation: Asymptotic analysis evaluates algorithmic time and space scalability using Big-O notation.,computer_science
Diffusion model gradual noise removal के through realistic images generate करता है।,deep_learning
In technical documentation: The halting problem proves that no general algorithm can determine if arbitrary programs terminate.,computer_science
"अध्ययन और शोध के अनुसार, टेलर श्रृंखला बहुपदों का उपयोग करके विभेदनीय फलनों का सन्निकटन करती है।",mathematics
In technical documentation: The boutique hotel provided guided bicycle tours exploring historic city landmarks and waterfront piers.,general
पाइथागोरस प्रमेय समकोण त्रिभुज की भुजाओं के बीच संबंध स्थापित करता है।,mathematics
The committee organized an evening charity fundraiser to support community youth education programs.,general
"In technical documentation: Hash tables provide average constant time complexity for search, insertion, and deletion operations.",computer_science
Note that Euclidean metric space triangle inequality axiom satisfy करता है।,mathematics
"अध्ययन और शोध के अनुसार, सुपरवाइज्ड फाइन-ट्यूनिंग मॉडल को मानवीय निर्देशों का पालन करना सिखाता है।",deep_learning
The halting problem proves that no general algorithm can determine if arbitrary programs terminate.,computer_science
रिलेशनल डेटाबेस में एसिड (ACID) गुण लेनदेन की अखंडता सुनिश्चित करते हैं।,computer_science
Gram-Schmidt orthogonalization process vectors को orthonormal basis में transform करता है।,mathematics
एल्गोरिदम किसी समस्या को हल करने के लिए चरणबद्ध निर्देशों का एक सीमित क्रम है।,computer_science
संतुलित आहार और नियमित व्यायाम स्वास्थ्य और दीर्घायु के लिए अत्यंत आवश्यक हैं।,general
"अध्ययन और शोध के अनुसार, एल्गोरिदम किसी समस्या को हल करने के लिए चरणबद्ध निर्देशों का एक सीमित क्रम है।",computer_science
Supervised fine-tuning के दौरान instruction-response pairs पर model train होता है।,deep_learning
Dropout randomly zeroes activations during training to reduce overfitting in deep networks.,deep_learning
Note that Covariance matrix features के बीच pairwise correlation measure करता है।,mathematics
"अध्ययन और शोध के अनुसार, स्टैक डेटा संरचना लास्ट-इन-फर्स्ट-आउट (LIFO) सिद्धांत पर काम करती है।",computer_science
Softmax converts raw logits into a probability distribution over the vocabulary.,deep_learning
"A group is an algebraic structure with an associative binary operation, identity element, and inverses.",mathematics
In technical documentation: SQL injection exploits unsanitized database queries to manipulate backend database contents.,computer_science
TCP protocol reliable packet delivery provide करता है जबकि UDP fast connectionless transfer करता है।,computer_science
Microservices communicate asynchronously via message queues or synchronously via REST APIs.,computer_science
Weight initialization methods like He and Xavier prevent vanishing or exploding gradients.,deep_learning
Social media campaign environmental sustainability promote करने में widely use हो रहा है।,general
Note that Sequence modeling में LSTM और GRU hidden states maintain करते हैं।,deep_learning
Tokens को continuous vector space में map करने के लिए embedding layer उपयोग होती है।,deep_learning
विद्यालय के वार्षिकोत्सव में छात्रों ने सांस्कृतिक नृत्यों की रंगारंग प्रस्तुति दी।,general
In technical documentation: Cache replacement algorithms like LRU and LFU evict pages to maintain high hit ratios in memory.,computer_science
"Reverse proxies terminate SSL sessions, balance traffic, and cache static assets for web servers.",computer_science
भाषा मॉडल दिए गए संदर्भ के आधार पर अगले शब्द की भविष्यवाणी करते हैं।,deep_learning
Note that Volunteers beach cleanup drive conduct करके plastic waste collect कर रहे हैं।,general
In technical documentation: Virtual memory uses page tables and translation lookaside buffers to map virtual addresses to physical RAM.,computer_science
Annual cultural fest में dance performances और music bands ने audience को entertain किया।,general
Weekend पर weather forecast ने clear sky और pleasant temperature predict किया है।,general
B-trees and B+ trees optimize block reads and writes in database indexing and file systems.,computer_science
मानव प्रतिक्रिया से सुदृढ़ीकरण सीखना मॉडल को मानवीय प्राथमिकताओं के अनुसार संरेखित करता है।,deep_learning
Operating system processes के बीच context switching और memory paging manage करता है।,computer_science
Note that SQL queries execute करने से पहले database query optimizer optimal execution plan generate करता है।,computer_science
Note that Git repository में branching और merging team collaboration को smooth बनाती हैं।,computer_science
गार्बेज कलेक्टर अप्रयुक्त मेमोरी को स्वचालित रूप से पुनः प्राप्त करता है।,computer_science
Complex numbers extend real numbers by introducing an imaginary unit whose square equals minus one.,mathematics
पर्प्लेक्सिटी भाषा मॉडल के प्रदर्शन को मापने का एक मानक पैमाना है।,deep_learning
"Culinary chefs emphasize balanced seasoning, fresh herbs, and artistic plating presentation.",general
"अध्ययन और शोध के अनुसार, वेरिएंस यादृच्छिक चर के उसके माध्य से फैलाव को मापता है।",mathematics
In technical documentation: Weather forecasts predict intermittent rain showers and moderate temperatures throughout the weekend.,general
"अध्ययन और शोध के अनुसार, असतत गणित में क्रमपरिवर्तन और संयोजन गणना के आधार हैं।",mathematics
"Kubernetes containers की deployment, scaling और automated lifecycle management करता है।",computer_science
"In technical documentation: The photography workshop covered portrait lighting, shutter speeds, and landscape compositions.",general
Garbage collection unused heap memory को automatically deallocate कर देता है।,computer_science
In technical documentation: Relational databases use structured query language to manage relational schemas and tables.,computer_science
In technical documentation: Deep feedforward networks approximate complex non-linear functions via composed hidden layers.,deep_learning
"अध्ययन और शोध के अनुसार, सॉफ्टवेयर इंजीनियरिंग में कोड रीफैक्टरिंग और यूनिट टेस्टिंग गुणवत्ता बनाए रखते हैं।",computer_science
Note that Compiler source code को parse करके abstract syntax tree बनाता है।,computer_science
The boutique hotel provided guided bicycle tours exploring historic city landmarks and waterfront piers.,general
"अध्ययन और शोध के अनुसार, संतुलित आहार और नियमित व्यायाम स्वास्थ्य और दीर्घायु के लिए अत्यंत आवश्यक हैं।",general
Adam optimizer momentum के साथ adaptive learning rates प्रदान करता है।,deep_learning
In technical documentation: Partial differential equations describe continuous physical phenomena such as heat diffusion and wave propagation.,mathematics
Binomial coefficients appear in polynomial expansions and discrete combinatorial probability calculations.,mathematics
In technical documentation: Abstract syntax trees represent the syntactic hierarchical structure of parsed programming code.,computer_science
Convolutional layers feature maps निकालने के लिए filter kernels apply करती हैं।,deep_learning
सड़क सुरक्षा नियमों का पालन करने से दुर्घटनाओं को प्रभावी रूप से रोका जा सकता है।,general
Railway station पर ticket booking counter और automated kiosks available हैं।,general
"अध्ययन और शोध के अनुसार, बेयस प्रमेय पूर्व ज्ञान के आधार पर सशर्त प्रायिकता की गणना करता है।",mathematics
Hypothesis testing statistical significance measure करने के लिए p-value calculate करती है।,mathematics
Perplexity measures the inverse geometric mean probability assigned to tokens in test text.,deep_learning
In technical documentation: Paxos and Raft consensus protocols coordinate distributed cluster state under network partitions.,computer_science
मौसम विभाग ने आने वाले सप्ताहांत में हल्की वर्षा और ठंडी हवाओं का अनुमान लगाया है।,general
पर्यटन उद्योग स्थानीय लोगों के लिए रोजगार और आर्थिक विकास के नए अवसर पैदा करता है।,general
Reinforcement learning from human feedback aligns large language models with human preference rankings.,deep_learning
In technical documentation: Beam search decodes output sequences by maintaining a fixed beam of highest-probability candidate hypotheses.,deep_learning
"Summer youth camps offer outdoor archery lessons, swimming instruction, and wilderness survival skills.",general
The university faculty hosted an orientation session for prospective international graduate applicants.,general
In technical documentation: DNS translates human-readable domain names into numerical Internet Protocol IP addresses.,computer_science
"अध्ययन और शोध के अनुसार, विश्वविद्यालय का मुख्य परिसर एक विशाल पुस्तकालय और खेल मैदान से सुसज्जित है।",general
Cauchy sequence complete metric space में convergent limit provide करती है।,mathematics
International trade agreements regulate import tariffs and facilitate commercial cargo shipping.,general
Public healthcare clinics administer seasonal influenza vaccines and preventive screening exams.,general
ग्रामीण क्षेत्रों में सौर ऊर्जा से चलने वाले पंप किसानों के लिए वरदान साबित हो रहे हैं।,general
In technical documentation: Public-key cryptography uses asymmetric key pairs for digital signatures and secure key exchange.,computer_science
"In technical documentation: Local artisans displayed woven textiles, ceramic pottery, and carved wooden souvenirs at the bazaar.",general
In technical documentation: Max-pooling downsamples feature maps by taking the maximum activation across local receptive fields.,deep_learning
Causal language modeling trains decoders by predicting future tokens with autoregressive masking.,deep_learning
In technical documentation: Prime numbers have exactly two distinct positive divisors: one and the number itself.,mathematics
Load balancer incoming web traffic को backend servers पर distribute करता है।,computer_science
In technical documentation: Fine-tuning adapts a pretrained model to a downstream task using labeled data.,deep_learning
"अध्ययन और शोध के अनुसार, गहन शिक्षण में तंत्रिका नेटवर्क कई परतों का उपयोग करके डेटा से जटिल विशेषताएं सीखते हैं।",deep_learning
"अध्ययन और शोध के अनुसार, जल संरक्षण के लिए वर्षा जल संचयन प्रणाली को बढ़ावा देना समय की मांग है।",general
Note that Object-oriented programming में polymorphism और inheritance code reusability बढ़ाते हैं।,computer_science
"In technical documentation: The hotel offers panoramic sea views, complimentary breakfast buffets, and private swimming pools.",general
"अध्ययन और शोध के अनुसार, भाषा मॉडल दिए गए संदर्भ के आधार पर अगले शब्द की भविष्यवाणी करते हैं।",deep_learning
In technical documentation: Branch prediction hardware guesses instruction branch outcomes to reduce pipeline stall latency.,computer_science
Quick sort partitions an array around a chosen pivot element and sorts subarrays recursively.,computer_science
In technical documentation: A convolutional neural network applies learned filters across an image to detect local patterns.,deep_learning
The Gram-Schmidt process converts linearly independent vectors into an orthonormal basis.,mathematics
Quantization तकनीक float32 weights को int8 में बदल कर latency कम करती है।,deep_learning
Stochastic gradient descent updates network weights using mini-batches sampled with replacement.,deep_learning
In technical documentation: Affine transformations combine linear mapping with coordinate vector translations.,mathematics
In technical documentation: Ransomware and malware compromise computer systems by encrypting unauthorized data files.,computer_science
Quick sort algorithm pivot element select करके divide-and-conquer approach use करता है।,computer_science
लाग्रेंज गुणक बाधाओं के अधीन फलनों के अधिकतम या न्यूनतम मान खोजने में मदद करते हैं।,mathematics
"अध्ययन और शोध के अनुसार, साइबर सुरक्षा में एन्क्रिप्शन डेटा को अनधिकृत पहुंच से सुरक्षित रखता है।",computer_science
Note that Adam optimizer momentum के साथ adaptive learning rates प्रदान करता है।,deep_learning
Note that LoRA technique freeze किए गए weights में low-rank adapters जोड़कर fine-tuning करती है।,deep_learning
In technical documentation: The law of large numbers guarantees that empirical sample means converge to expected values.,mathematics
In technical documentation: An algorithm is a finite sequence of well-defined computer-implementable instructions.,computer_science
DNS translates human-readable domain names into numerical Internet Protocol IP addresses.,computer_science
In technical documentation: Masked language modeling trains encoders by predicting masked tokens from bidirectional context.,deep_learning
Hessian matrix second derivatives use करके local curvature analyze करता है।,mathematics
Note that Reinforcement Learning from Human Feedback (RLHF) reward model train करता है।,deep_learning
Two-phase commit protocols coordinate distributed transactions across heterogeneous resource managers.,computer_science
Partial differential equations describe continuous physical phenomena such as heat diffusion and wave propagation.,mathematics
Generative adversarial networks train a generator against a discriminator in a minimax game.,deep_learning
In technical documentation: The determinant of a square matrix indicates whether the matrix is invertible and non-singular.,mathematics
बाइनरी सर्च सॉर्ट किए गए एरे में तत्वों को खोजने के लिए लॉगरिदमिक समय लेता है।,computer_science
In technical documentation: Dijkstra algorithm computes shortest paths from a single source vertex in non-negative weighted graphs.,computer_science
Note that Residual connections gradient flow को improve करके vanishing gradient problem रोकते हैं।,deep_learning
आव्यूह का सारणिक यह बताता है कि आव्यूह व्युत्क्रमणीय है या नहीं।,mathematics
Context-free grammars generate languages recognized by non-deterministic pushdown automata.,computer_science
ऑब्जेक्ट ओरिएंटेड प्रोग्रामिंग इनकैप्सुलेशन और इनहेरिटेंस के सिद्धांतों पर आधारित है।,computer_science
"अध्ययन और शोध के अनुसार, त्योहारों के अवसर पर बाजारों में विशेष रौनक और खरीदारी का उत्साह देखने को मिलता है।",general
In technical documentation: Modern architecture blends functional minimalist design with environmentally friendly building materials.,general
डेटा संरचनाएं कंप्यूटर में डेटा को कुशलतापूर्वक संग्रहीत और व्यवस्थित करने का तरीका हैं।,computer_science
Differential equations heat flow और vibration mechanics को mathematically model करती हैं।,mathematics
"अध्ययन और शोध के अनुसार, प्राकृतिक उद्यानों में सुबह की सैर मानसिक शांति और नई ऊर्जा का संचार करती है।",general
In technical documentation: A ring combines abelian addition with associative multiplication distributive over addition.,mathematics
LoRA achieves parameter-efficient fine-tuning by decomposing weight updates into low-rank matrices.,deep_learning
Note that Deep learning में backpropagation की सहायता से weights और biases को optimize करते हैं।,deep_learning
"Pointers store memory addresses directly, enabling dynamic memory allocation on the heap.",computer_science
Probability theory में Bayes theorem conditional probability compute करने के लिए use होती है।,mathematics
Taylor series expansion differentiable function को polynomial approximation provide करता है।,mathematics
"अध्ययन और शोध के अनुसार, प्रायिकता सिद्धांत अनिश्चित घटनाओं की संभावनाओं का गणितीय अध्ययन है।",mathematics
In technical documentation: The fundamental theorem of calculus connects differentiation and integration as inverse operations.,mathematics
"Public libraries lend digital audiobooks, reference encyclopedias, and educational documentary films.",general
Homomorphism preserves algebraic operational structures between two groups or vector spaces.,mathematics
In technical documentation: Mixture of experts dynamically routes incoming tokens to specialized feedforward sub-networks.,deep_learning
In technical documentation: The civic auditorium hosted a public debate regarding municipal zoning and affordable housing development.,general
Gradient clipping prevents exploding gradients during recurrent network backpropagation through time.,deep_learning
Note that Public transport use करने से traffic congestion और carbon footprint reduce होता है।,general
विश्वविद्यालय का मुख्य परिसर एक विशाल पुस्तकालय और खेल मैदान से सुसज्जित है।,general
FlashAttention GPU memory hierarchy को optimize करके speedup देता है।,deep_learning
Note that Neural network training के दौरान cross-entropy loss को minimize किया जाता है।,deep_learning
Rotary position embeddings (RoPE) encode relative position information directly into query-key dot products.,deep_learning
"अध्ययन और शोध के अनुसार, वार्षिक संगीत समारोह में देशभर से कलाकारों और पर्यटकों ने भाग लिया।",general
"The culinary recipe called for freshly chopped garlic, virgin olive oil, and crushed black peppercorns.",general
Self-supervised pretraining extracts supervisory signals directly from raw unlabeled text and vision datasets.,deep_learning
Note that Central limit theorem states कि sample distribution normal distribution में converge करता है।,mathematics
Note that Linear algebra में eigenvalues और eigenvectors linear transformation की scaling properties बताते हैं।,mathematics
A stack overflow occurs when recursive call frames exceed allocated stack memory limits.,computer_science
In technical documentation: Travelers exchanged currency and gathered transit maps at the central railway station information booth.,general
In technical documentation: Graph coloring algorithms assign labels to graph nodes such that no adjacent vertices share colors.,computer_science
बैच सामान्यीकरण प्रशिक्षण को स्थिर करता है और गति बढ़ाता है।,deep_learning
Compiler source code को parse करके abstract syntax tree बनाता है।,computer_science
आइगेनवेल्यू और आइगेनवेक्टर रैखिक समीकरणों के महत्वपूर्ण घटक हैं।,mathematics
In technical documentation: B-trees and B+ trees optimize block reads and writes in database indexing and file systems.,computer_science
Skip-gram and CBOW are word2vec architectures that learn distributed vector representations.,deep_learning
The local government passed ordinances promoting electric vehicle charging infrastructure.,general
सॉफ्टवेयर इंजीनियरिंग में कोड रीफैक्टरिंग और यूनिट टेस्टिंग गुणवत्ता बनाए रखते हैं।,computer_science
Temperature scaling controls the randomness of token sampling during language model inference.,deep_learning
अवकलन किसी फलन के परिवर्तन की तात्कालिक दर को मापने की गणितीय विधि है।,mathematics
Garbage collection automatically reclaims heap memory occupied by unreachable runtime objects.,computer_science
Fine-tuning adapts a pretrained model to a downstream task using labeled data.,deep_learning
In technical documentation: Regularization techniques like weight decay prevent overfitting by penalizing large parameter values.,deep_learning
"अध्ययन और शोध के अनुसार, रिलेशनल डेटाबेस में एसिड (ACID) गुण लेनदेन की अखंडता सुनिश्चित करते हैं।",computer_science
In technical documentation: Wildlife conservationists track endangered migratory bird species using lightweight radio bands.,general
Matrix diagonalization simplifies matrix powers and the solutions of coupled linear differential equations.,mathematics
समाकलन वक्र के नीचे के क्षेत्रफल और संचित मात्राओं की गणना करता है।,mathematics
Encoder-decoder architecture text generation और translation में बहुत प्रभावी है।,deep_learning
Note that Museum exhibition में historical paintings और ancient artifacts display किए गए।,general
In technical documentation: Reinforcement learning from human feedback aligns large language models with human preference rankings.,deep_learning
"अध्ययन और शोध के अनुसार, अवकलन किसी फलन के परिवर्तन की तात्कालिक दर को मापने की गणितीय विधि है।",mathematics
Red-black trees are self-balancing binary search trees ensuring logarithmic search depth.,computer_science
Modern architecture blends functional minimalist design with environmentally friendly building materials.,general
शहर में सार्वजनिक परिवहन के उपयोग से प्रदूषण और ट्रैफिक जाम में भारी कमी आती है।,general
Topology investigates geometric properties preserved under continuous homeomorphisms and deformations.,mathematics
"अध्ययन और शोध के अनुसार, गांवों में पक्की सड़कों के निर्माण से आवागमन और व्यापार में काफी सुविधा हुई है।",general
Markov chain transition probabilities purely present state पर depend करती हैं।,mathematics
Note that Coffee shop में variety of organic tea और fresh bakery snacks serve होते हैं।,general
"अध्ययन और शोध के अनुसार, ग्रामीण क्षेत्रों में सौर ऊर्जा से चलने वाले पंप किसानों के लिए वरदान साबित हो रहे हैं।",general
In technical documentation: The astronomy club set up optical telescopes in the countryside for nighttime stargazing observation.,general
In technical documentation: Multi-layer perceptrons use non-linear activation functions like ReLU and GELU to model complex data.,deep_learning
Euclidean distance generalizes the Pythagorean theorem to arbitrary n-dimensional coordinate spaces.,mathematics
In technical documentation: Supervised fine-tuning trains models on instruction-response pairs to adhere to human intentions.,deep_learning
Differential equations with boundary value conditions model equilibrium configurations in engineering physics.,mathematics
Note that Hessian matrix second derivatives use करके local curvature analyze करता है।,mathematics
"अध्ययन और शोध के अनुसार, सक्रियण फलन जैसे रेलु नेटवर्क में गैर-रैखिकता लाते हैं।",deep_learning
A compiler translates source code written in a high-level programming language into machine code.,computer_science
"Database transactions adhere to ACID properties: atomicity, consistency, isolation, and durability.",computer_science
Random variables probability distribution के according values assign करते हैं।,mathematics
In technical documentation: Homomorphism preserves algebraic operational structures between two groups or vector spaces.,mathematics
In technical documentation: Eigenvalues and eigenvectors satisfy the characteristic linear equation Av equals lambda v.,mathematics
"अध्ययन और शोध के अनुसार, छात्रों ने पर्यावरण संरक्षण विषय पर एक विचारोत्पादक नाटक प्रस्तुत किया।",general
In technical documentation: A derivative measures the instantaneous rate of change of a mathematical function with respect to its variable.,mathematics
वेट डिके मॉडल मापदंडों के परिमाण को सीमित करके ओवरफिक्सिंग रोकता है।,deep_learning
Regular cardiovascular exercise and balanced nutrition contribute significantly to long-term health.,general
In technical documentation: The Gram-Schmidt process converts linearly independent vectors into an orthonormal basis.,mathematics
"अध्ययन और शोध के अनुसार, डेडलॉक तब होता है जब दो या दो से अधिक प्रक्रियाएं एक-दूसरे के संसाधनों का इंतजार करती हैं।",computer_science
"Reading literary novels enhances vocabulary, analytical comprehension, and empathetic perspective.",general
"The museum exhibition showcases Renaissance oil paintings, classical sculptures, and historical documents.",general
In technical documentation: Attention mechanisms compute weighted sums of value vectors based on query-key compatibility.,deep_learning
"अध्ययन और शोध के अनुसार, सममित आव्यूह अपने परिवर्त के बराबर होते हैं।",mathematics
The gamma function extends factorial functions to complex arguments with positive real parts.,mathematics
"The university campus includes a large library, student dining halls, and athletic facilities.",general
"The national park preserves diverse wildlife habitats, mountain trails, and natural forests.",general
"अध्ययन और शोध के अनुसार, पर्प्लेक्सिटी भाषा मॉडल के प्रदर्शन को मापने का एक मानक पैमाना है।",deep_learning
LoRA technique freeze किए गए weights में low-rank adapters जोड़कर fine-tuning करती है।,deep_learning
Permutations and combinations calculate combinatorial selections with and without regard to ordering.,mathematics
Note that Environmental awareness campaign में school students ने enthusiastically participate किया।,general
FlashAttention accelerates transformer execution by optimizing GPU SRAM tile reads and memory bandwidth.,deep_learning
गहन शिक्षण में तंत्रिका नेटवर्क कई परतों का उपयोग करके डेटा से जटिल विशेषताएं सीखते हैं।,deep_learning
In technical documentation: Skip-gram and CBOW are word2vec architectures that learn distributed vector representations.,deep_learning
Note that Definite integral curve के under bounded area compute करता है।,mathematics
Museum exhibition में historical paintings और ancient artifacts display किए गए।,general
Hash table average case में constant time O(1) insertion और lookup provide करती है।,computer_science
Jacobian matrix multivariable function के first-order partial derivatives contain करता है।,mathematics
"अध्ययन और शोध के अनुसार, आइगेनवेल्यू और आइगेनवेक्टर रैखिक समीकरणों के महत्वपूर्ण घटक हैं।",mathematics
"अध्ययन और शोध के अनुसार, स्वच्छता अभियान के तहत नागरिकों ने सार्वजनिक स्थानों की सफाई में योगदान दिया।",general
त्योहारों के अवसर पर बाजारों में विशेष रौनक और खरीदारी का उत्साह देखने को मिलता है।,general
In technical documentation: Vector dot-product similarity guides semantic retrieval in retrieval-augmented generation pipelines.,deep_learning
"The photography workshop covered portrait lighting, shutter speeds, and landscape compositions.",general
In technical documentation: Layer normalization normalizes activations within each training example rather than across the batch.,deep_learning
"अध्ययन और शोध के अनुसार, मैट्रिक्स गुणन गैर-क्रमविनिमेय होता है लेकिन साहचर्य नियम का पालन करता है।",mathematics
Note that Quantization तकनीक float32 weights को int8 में बदल कर latency कम करती है।,deep_learning
Depth-first search and breadth-first search explore graph vertices using stacks and queues respectively.,computer_science
Buffer overflows corrupt memory by writing past allocated buffer bounds on the execution stack.,computer_science
A peaceful morning walk through the botanical gardens rejuvenates mental energy and reduces daily stress.,general
"In technical documentation: Interior decorators selected warm ambient lighting, neutral wall paint, and natural wood furnishings.",general
In technical documentation: Simplex algorithms solve linear programs by traversing adjacent vertices of feasible convex polytopes.,mathematics
Note that यह transformer model multi-head self-attention mechanism का उपयोग करता है।,deep_learning
Vector space scalar multiplication और vector addition के under closed रहता है।,mathematics
In technical documentation: Backpropagation computes gradients of the loss with respect to each weight using the chain rule.,deep_learning
"अध्ययन और शोध के अनुसार, हेसियन मैट्रिक्स द्वितीय क्रम के आंशिक अवकलजों के साथ वक्रता को मापता है।",mathematics
In technical documentation: Variance measures the expected squared deviation of a random variable from its mathematical mean.,mathematics
"अध्ययन और शोध के अनुसार, पर्यटन उद्योग स्थानीय लोगों के लिए रोजगार और आर्थिक विकास के नए अवसर पैदा करता है।",general
हैश टेबल त्वरित लुकअप और प्रविष्टि के लिए औसत स्थिर समय जटिलता प्रदान करती हैं।,computer_science
छात्रों ने पर्यावरण संरक्षण विषय पर एक विचारोत्पादक नाटक प्रस्तुत किया।,general
"अध्ययन और शोध के अनुसार, गार्बेज कलेक्टर अप्रयुक्त मेमोरी को स्वचालित रूप से पुनः प्राप्त करता है।",computer_science
"अध्ययन और शोध के अनुसार, द्विपद प्रमेय किसी द्विपद के बीजगणितीय विस्तार की गणना करता है।",mathematics
Definite integrals compute the accumulation of quantities and geometric areas under curves.,mathematics
In technical documentation: Residual connections help deep networks train by allowing gradients to flow directly through layers.,deep_learning
"अध्ययन और शोध के अनुसार, नदियों की स्वच्छता और जलीय जीवों के संरक्षण के लिए ठोस उपाय आवश्यक हैं।",general
"In technical documentation: The national park preserves diverse wildlife habitats, mountain trails, and natural forests.",general
In technical documentation: Differential forms provide an intrinsic coordinate-free framework for multivariable calculus on manifolds.,mathematics
Sequence-to-sequence models map input sequences to target sequences via encoder-decoder pipelines.,deep_learning
"अध्ययन और शोध के अनुसार, फ्लैश अटेंशन मेमोरी बैंडविड्थ को अनुकूलित करके ट्रांसफार्मर की गति बढ़ाता है।",deep_learning
Residue theorems in complex analysis evaluate contour integrals using function pole residues.,mathematics
In technical documentation: The environmental agency monitored seasonal air quality indexes across major industrial districts.,general
Gradient vectors point in directions of greatest local increase of scalar-valued functions.,mathematics
"Public cloud platforms offer elastic compute, block storage, and serverless runtime environments.",computer_science
In technical documentation: Euclidean distance generalizes the Pythagorean theorem to arbitrary n-dimensional coordinate spaces.,mathematics
Binary search algorithm sorted array में element find करने के लिए O(log n) time लेता है।,computer_science
"In technical documentation: Kubernetes orchestrates container deployment, scaling, and automated container lifecycle management.",computer_science
In technical documentation: Direct preference optimization bypasses reward model training by directly optimizing the language policy.,deep_learning
Public transportation networks in metropolitan cities reduce traffic congestion and carbon emissions.,general
Diffusion models generate images by learning to reverse a gradual Gaussian noise process.,deep_learning
"अध्ययन और शोध के अनुसार, स्वयंसेवकों ने बाढ़ प्रभावित क्षेत्रों में राहत सामग्री और दवाएं वितरित कीं।",general
"In technical documentation: TCP provides reliable, ordered, and error-checked delivery of byte streams across computer networks.",computer_science
"अध्ययन और शोध के अनुसार, डेटा संरचनाएं कंप्यूटर में डेटा को कुशलतापूर्वक संग्रहीत और व्यवस्थित करने का तरीका हैं।",computer_science
"In technical documentation: Monolithic architectures consolidate database, business logic, and presentation in a unified binary.",computer_science
असतत गणित में क्रमपरिवर्तन और संयोजन गणना के आधार हैं।,mathematics
Cosine annealing learning rate schedules decay the learning step smoothly toward zero over training epochs.,deep_learning
Note that Microservices architecture में services REST APIs या message queues के through communicate करती हैं।,computer_science
Lexical analyzers parse source character streams into meaningful grammar tokens.,computer_science
Eigenvalues and eigenvectors satisfy the characteristic linear equation Av equals lambda v.,mathematics
Dijkstra algorithm computes shortest paths from a single source vertex in non-negative weighted graphs.,computer_science
In technical documentation: A bijection is a function that is simultaneously injective one-to-one and surjective onto.,mathematics
"अध्ययन और शोध के अनुसार, मौसम विभाग ने आने वाले सप्ताहांत में हल्की वर्षा और ठंडी हवाओं का अनुमान लगाया है।",general
In technical documentation: Recurrent neural networks maintain a hidden state updated at every timestep of a sequence.,deep_learning
रैखिक बीजगणित सदिश अंतरिक्ष और रैखिक परिवर्तनों का अध्ययन करता है।,mathematics
"अध्ययन और शोध के अनुसार, बागवानी का शौक घर के वातावरण को सुंदर और हरा-भरा बनाए रखने का एक अच्छा माध्यम है।",general
The environmental agency monitored seasonal air quality indexes across major industrial districts.,general
"Monolithic architectures consolidate database, business logic, and presentation in a unified binary.",computer_science
"अध्ययन और शोध के अनुसार, पर्यटकों ने ऐतिहासिक स्मारकों और प्राचीन महलों की अनूठी वास्तुकला की सराहना की।",general
"In technical documentation: Summer youth camps offer outdoor archery lessons, swimming instruction, and wilderness survival skills.",general
Tourists heritage walk join करके city की rich history explore कर सकते हैं।,general
"In technical documentation: The botanic conservatory features rare tropical orchids, desert cacti, and flowering shrubs.",general
हेसियन मैट्रिक्स द्वितीय क्रम के आंशिक अवकलजों के साथ वक्रता को मापता है।,mathematics
In technical documentation: The committee organized an evening charity fundraiser to support community youth education programs.,general
A ring combines abelian addition with associative multiplication distributive over addition.,mathematics
माइक्रोसर्विसेज आर्किटेक्चर बड़े अनुप्रयोगों को स्वतंत्र सेवाओं में विभाजित करता है।,computer_science
"अध्ययन और शोध के अनुसार, केंद्रीय सीमा प्रमेय बताता है कि बड़े नमूनों का वितरण सामान्य वितरण की ओर प्रवृत्त होता है।",mathematics
Markov chains model stochastic processes where transition probabilities depend solely on current state.,mathematics
In technical documentation: Convolutional kernels slide over multidimensional tensors to extract translation-invariant spatial features.,deep_learning
SQL queries execute करने से पहले database query optimizer optimal execution plan generate करता है।,computer_science
युवाओं में खेलकूद और फिटनेस के प्रति जागरूकता लगातार बढ़ रही है।,general
Singular value decomposition factors real matrices into orthogonal and non-negative diagonal components.,mathematics
An algorithm is a finite sequence of well-defined computer-implementable instructions.,computer_science
"In technical documentation: Recycling initiatives encourage sorting glass containers, aluminum beverage cans, and paper waste.",general
Microservices architecture में services REST APIs या message queues के through communicate करती हैं।,computer_science
सममित आव्यूह अपने परिवर्त के बराबर होते हैं।,mathematics
"In technical documentation: Bicycle sharing systems offer convenient, low-carbon transportation options for daily urban commuters.",general
Deadlocks occur when concurrent processes hold mutual exclusion locks in a circular wait condition.,computer_science
"Hash tables provide average constant time complexity for search, insertion, and deletion operations.",computer_science
"अध्ययन और शोध के अनुसार, मल्टीथ्रेडिंग एक ही प्रोग्राम में कई कार्यों को समानांतर में निष्पादित करने की अनुमति देती है।",computer_science
"अध्ययन और शोध के अनुसार, वेक्टर स्पेस में सदिश जोड़ और स्केलर गुणन के नियम लागू होते हैं।",mathematics
"अध्ययन और शोध के अनुसार, सामान्य वितरण एक घंटी के आकार का संभाव्यता वितरण है।",mathematics
Load balancers distribute incoming network traffic evenly across backend server instances.,computer_science
"The botanic conservatory features rare tropical orchids, desert cacti, and flowering shrubs.",general
Coffee brewing methods vary from Italian espresso machines to French press and pour-over filters.,general
In technical documentation: Definite integrals compute the accumulation of quantities and geometric areas under curves.,mathematics
"In technical documentation: Software testing encompasses unit testing, integration testing, system testing, and regression suites.",computer_science
Function का derivative calculate करने से rate of change easily find out हो जाता है।,mathematics
Hotel booking online app के through discount offers के साथ easily manage हो जाती है।,general
Note that Annual cultural fest में dance performances और music bands ने audience को entertain किया।,general
"In technical documentation: Local farmers markets sell artisanal bread, wildflower honey, and handcrafted dairy cheeses.",general
"पुस्तकालय में साहित्य, इतिहास और कला से संबंधित दुर्लभ पुस्तकें उपलब्ध हैं।",general
In technical documentation: Community kitchens provide warm nutritious meals and social companionship for elderly urban residents.,general
"अध्ययन और शोध के अनुसार, पुस्तकालय में साहित्य, इतिहास और कला से संबंधित दुर्लभ पुस्तकें उपलब्ध हैं।",general
"Local farmers markets sell artisanal bread, wildflower honey, and handcrafted dairy cheeses.",general
"अध्ययन और शोध के अनुसार, एम्बेडिंग शब्दार्थ को सघन सदिश अंतरिक्ष में प्रस्तुत करती है।",deep_learning
"Software testing encompasses unit testing, integration testing, system testing, and regression suites.",computer_science
Direct Preference Optimization (DPO) language policy को human feedback के साथ align करता है।,deep_learning
प्रायिकता सिद्धांत अनिश्चित घटनाओं की संभावनाओं का गणितीय अध्ययन है।,mathematics
Recurrent neural networks maintain a hidden state updated at every timestep of a sequence.,deep_learning
Note that Matrix का determinant non-zero होने पर ही matrix invertible होती है।,mathematics
Prompt tuning conditions frozen language models by prefixing soft continuous embeddings.,deep_learning
Note that Hotel booking online app के through discount offers के साथ easily manage हो जाती है।,general
In technical documentation: International trade agreements regulate import tariffs and facilitate commercial cargo shipping.,general
जल संरक्षण के लिए वर्षा जल संचयन प्रणाली को बढ़ावा देना समय की मांग है।,general
Vision transformers split images into sequential patches and process them with self-attention blocks.,deep_learning
In technical documentation: Regular cardiovascular exercise and balanced nutrition contribute significantly to long-term health.,general
In technical documentation: Sharding partitions large database tables horizontally across distinct database cluster nodes.,computer_science
Fresh organic vegetables and seasonal fruits provide essential vitamins and dietary minerals.,general
In technical documentation: Bayes theorem calculates posterior conditional probability from prior distributions and likelihoods.,mathematics
"Bicycle sharing systems offer convenient, low-carbon transportation options for daily urban commuters.",general
"अध्ययन और शोध के अनुसार, पारंपरिक व्यंजनों का स्वाद और पोषण आधुनिक खान-पान से कहीं बेहतर माना जाता है।",general
कंसिस्टेंसी और अवेलेबिलिटी वितरित प्रणालियों के महत्वपूर्ण पहलू हैं।,computer_science
"अध्ययन और शोध के अनुसार, जैकबियन मैट्रिक्स बहुचर फलनों के पहले क्रम के आंशिक अवकलजों का प्रतिनिधित्व करता है।",mathematics
Linear independence guarantees that no vector in a set can be written as a linear combination of others.,mathematics
In technical documentation: Historians study archaeological artifacts to reconstruct the social customs of ancient civilizations.,general
Cache replacement algorithms like LRU and LFU evict pages to maintain high hit ratios in memory.,computer_science
कन्वोल्यूशनल न्यूरल नेटवर्क छवियों में पैटर्न पहचानने के लिए फिल्टर का उपयोग करते हैं।,deep_learning
"In technical documentation: The culinary recipe called for freshly chopped garlic, virgin olive oil, and crushed black peppercorns.",general
"In technical documentation: Hiking enthusiasts packed waterproof jackets, topographic maps, and portable water purification tablets.",general
"अध्ययन और शोध के अनुसार, ग्रेडिएंट डिसेंट एल्गोरिदम हानि फलन को न्यूनतम करने के लिए प्रत्येक वजन को अद्यतित करता है।",deep_learning
"In technical documentation: Financial literacy encourages prudent budgeting, debt reduction, and retirement investment planning.",general
"अध्ययन और शोध के अनुसार, सांख्यिकी में माध्य, माध्यिका और बहुलक केंद्रीय प्रवृत्ति के माप हैं।",mathematics
Compact sets in Euclidean space are both closed and bounded by the Heine-Borel theorem.,mathematics
आवर्ती तंत्रिका नेटवर्क समय श्रृंखला और अनुक्रमिक डेटा के लिए उपयुक्त हैं।,deep_learning
Residual connections gradient flow को improve करके vanishing gradient problem रोकते हैं।,deep_learning
Note that Quick sort algorithm pivot element select करके divide-and-conquer approach use करता है।,computer_science
रोटरी पोजीशन एम्बेडिंग टोकन की स्थिति को सटीक रूप से एन्कोड करती है।,deep_learning
Overfitting से बचने के लिए dropout layer और L2 regularization आवश्यक है।,deep_learning
अस्पतालों में आधुनिक स्वास्थ्य सुविधाओं की उपलब्धता से मरीजों को राहत मिली है।,general
टीसीपी/आईपी प्रोटोकॉल इंटरनेट पर विश्वसनीय डेटा संचरण सुनिश्चित करता है।,computer_science
A vector space is closed under vector addition and multiplication by field scalars.,mathematics
In technical documentation: Orthogonal matrices preserve Euclidean vector lengths and inner products under linear transformations.,mathematics
कैश मेमोरी मुख्य मेमोरी की तुलना में बहुत तेज डेटा एक्सेस गति प्रदान करती है।,computer_science
Affine transformations combine linear mapping with coordinate vector translations.,mathematics
Central limit theorem states कि sample distribution normal distribution में converge करता है।,mathematics
Morning yoga session mental peace और physical flexibility enhance करने में help करता है।,general
"सांख्यिकी में माध्य, माध्यिका और बहुलक केंद्रीय प्रवृत्ति के माप हैं।",mathematics
Note that Overfitting से बचने के लिए dropout layer और L2 regularization आवश्यक है।,deep_learning
In technical documentation: Self-supervised pretraining extracts supervisory signals directly from raw unlabeled text and vision datasets.,deep_learning
फूरियर रूपांतरण समय-डोमेन संकेतों को आवृत्ति-डोमेन में परिवर्तित करता है।,mathematics
The Adam optimizer combines momentum with per-parameter adaptive learning rates.,deep_learning
"In technical documentation: The university campus includes a large library, student dining halls, and athletic facilities.",general
Note that Gram-Schmidt orthogonalization process vectors को orthonormal basis में transform करता है।,mathematics
Latent diffusion processes representations in low-dimensional latent space to conserve computational compute.,deep_learning
Cross-entropy loss measures the distance between predicted probabilities and true labels.,deep_learning
"अध्ययन और शोध के अनुसार, ट्रांसफार्मर आर्किटेक्चर ध्यान तंत्र का उपयोग करके शब्दों के बीच संबंधों को मापता है।",deep_learning
Label smoothing replaces one-hot ground truth targets with soft probabilities to prevent overconfidence.,deep_learning
Note that Random variables probability distribution के according values assign करते हैं।,mathematics
In technical documentation: Convex optimization problems possess the property that every local minimum is a global minimum.,mathematics
Note that Buffer overflow vulnerability attacker को arbitrary code execute करने का मौका देती है।,computer_science
"TCP provides reliable, ordered, and error-checked delivery of byte streams across computer networks.",computer_science
"अध्ययन और शोध के अनुसार, रोटरी पोजीशन एम्बेडिंग टोकन की स्थिति को सटीक रूप से एन्कोड करती है।",deep_learning
"अध्ययन और शोध के अनुसार, कंपाइलर उच्च स्तरीय प्रोग्रामिंग कोड को मशीन भाषा में अनुवादित करता है।",computer_science
"अध्ययन और शोध के अनुसार, डेटाबेस मैनेजमेंट सिस्टम डेटा को तालिकाओं में सुरक्षित और व्यवस्थित रखता है।",computer_science
Public-key cryptography private और public keys use करके digital signatures verify करती है।,computer_science
"अध्ययन और शोध के अनुसार, अभाज्य संख्याएँ वे प्राकृतिक संख्याएँ हैं जो केवल 1 और स्वयं से विभाज्य होती हैं।",mathematics
The Jacobian matrix contains all first-order partial derivatives of a multivariate vector-valued function.,mathematics
The neighborhood association organized a weekend park cleanup and community picnic event.,general
Note that Relational database management systems ACID properties guarantee करते हैं।,computer_science
Ransomware and malware compromise computer systems by encrypting unauthorized data files.,computer_science
Masked language modeling trains encoders by predicting masked tokens from bidirectional context.,deep_learning
Note that Railway station पर ticket booking counter और automated kiosks available हैं।,general
"In technical documentation: Field theory studies algebraic structures in which addition, subtraction, multiplication, and division are valid.",mathematics
Note that Fourier transform signals को time domain से frequency domain में decompose करता है।,mathematics
In technical documentation: Generative adversarial networks train a generator against a discriminator in a minimax game.,deep_learning
Wildlife conservationists track endangered migratory bird species using lightweight radio bands.,general
In technical documentation: The Jacobian matrix contains all first-order partial derivatives of a multivariate vector-valued function.,mathematics
In technical documentation: Dense retrieval models encode passages and queries into common vector spaces using dual encoders.,deep_learning
"अध्ययन और शोध के अनुसार, ताजे फल और हरी सब्जियां शरीर को आवश्यक विटामिन और खनिज प्रदान करती हैं।",general
Proper sleep hygiene and consistent bedtime schedules improve cognitive focus and immune defense.,general
A convolutional neural network applies learned filters across an image to detect local patterns.,deep_learning
Instruction pipelining increases instruction throughput by overlapping CPU execution stages.,computer_science
In technical documentation: Positional embeddings encode the position of each token in the input sequence.,deep_learning
Hypothesis testing evaluates statistical significance against specified null hypotheses.,mathematics
टेलर श्रृंखला बहुपदों का उपयोग करके विभेदनीय फलनों का सन्निकटन करती है।,mathematics
द्विपद प्रमेय किसी द्विपद के बीजगणितीय विस्तार की गणना करता है।,mathematics
In technical documentation: Permutations and combinations calculate combinatorial selections with and without regard to ordering.,mathematics
फ्लैश अटेंशन मेमोरी बैंडविड्थ को अनुकूलित करके ट्रांसफार्मर की गति बढ़ाता है।,deep_learning
"अध्ययन और शोध के अनुसार, कंसिस्टेंसी और अवेलेबिलिटी वितरित प्रणालियों के महत्वपूर्ण पहलू हैं।",computer_science
"अध्ययन और शोध के अनुसार, स्थानीय बाजार में हस्तशिल्प, मिट्टी के बर्तन और पारंपरिक परिधानों की अच्छी बिक्री हुई।",general
"अध्ययन और शोध के अनुसार, सॉर्टिंग एल्गोरिदम जैसे क्विक सॉर्ट और मर्ज सॉर्ट डेटा को क्रमबद्ध करते हैं।",computer_science
"अध्ययन और शोध के अनुसार, टीसीपी/आईपी प्रोटोकॉल इंटरनेट पर विश्वसनीय डेटा संचरण सुनिश्चित करता है।",computer_science
Attention mechanisms compute weighted sums of value vectors based on query-key compatibility.,deep_learning
साइबर सुरक्षा में एन्क्रिप्शन डेटा को अनधिकृत पहुंच से सुरक्षित रखता है।,computer_science
In technical documentation: The school district renovated primary classrooms with interactive digital displays and ergonomic desks.,general
Definite integral curve के under bounded area compute करता है।,mathematics
Abstract syntax trees represent the syntactic hierarchical structure of parsed programming code.,computer_science
In technical documentation: Latent diffusion processes representations in low-dimensional latent space to conserve computational compute.,deep_learning
City council ने public parks में solar street lights install करने का decision लिया।,general
In technical documentation: The theatre troupe performed a modern theatrical adaptation of Shakespeare classical tragedy.,general
In technical documentation: The gamma function extends factorial functions to complex arguments with positive real parts.,mathematics
ताजे फल और हरी सब्जियां शरीर को आवश्यक विटामिन और खनिज प्रदान करती हैं।,general
"Field theory studies algebraic structures in which addition, subtraction, multiplication, and division are valid.",mathematics
A deadlock detection algorithm searches for directed cycles in a system resource allocation graph.,computer_science
योग और ध्यान का नियमित अभ्यास तनाव को दूर करने में सहायक सिद्ध होता है।,general
Urban gardening projects transform vacant city lots into productive community vegetable plots.,general
ग्राफ में नोड्स और किनारों के बीच संबंध दर्शाने के लिए डीएफएस और बीएफएस का उपयोग होता है।,computer_science
"अध्ययन और शोध के अनुसार, कैलकुलस का मौलिक प्रमेय अवकलन और समाकलन को परस्पर विपरीत संक्रियाओं के रूप में जोड़ता है।",mathematics
In technical documentation: The university faculty hosted an orientation session for prospective international graduate applicants.,general
Differential forms provide an intrinsic coordinate-free framework for multivariable calculus on manifolds.,mathematics
Convolutional kernels slide over multidimensional tensors to extract translation-invariant spatial features.,deep_learning
In technical documentation: Topology investigates geometric properties preserved under continuous homeomorphisms and deformations.,mathematics
Note that Tourists heritage walk join करके city की rich history explore कर सकते हैं।,general
Note that Concurrent threads में critical section protect करने के लिए mutex locks use होते हैं।,computer_science
क्वांटाइजेशन मॉडल के आकार को कम करने के लिए फ्लोटिंग पॉइंट भार को पूर्णांक में बदलता है।,deep_learning
"अध्ययन और शोध के अनुसार, ऑपरेटिंग सिस्टम सीपीयू शेड्यूलिंग और मेमोरी प्रबंधन का कार्य करता है।",computer_science
"अध्ययन और शोध के अनुसार, समाकलन वक्र के नीचे के क्षेत्रफल और संचित मात्राओं की गणना करता है।",mathematics
In technical documentation: The transformer architecture uses multi-head self-attention to weigh relationships between tokens.,deep_learning
Turing machines provide a theoretical mathematical model of computation and algorithmic decidability.,computer_science
क्लाउड कंप्यूटिंग इंटरनेट के माध्यम से कंप्यूटिंग सेवाएं और स्टोरेज प्रदान करती है।,computer_science
The law of large numbers guarantees that empirical sample means converge to expected values.,mathematics
A derivative measures the instantaneous rate of change of a mathematical function with respect to its variable.,mathematics
In technical documentation: Hypothesis testing evaluates statistical significance against specified null hypotheses.,mathematics
"अध्ययन और शोध के अनुसार, वर्चुअल मेमोरी कंप्यूटर को भौतिक रैम से अधिक मेमोरी का उपयोग करने देती है।",computer_science
"In technical documentation: The CAP theorem states distributed data stores can provide at most two of consistency, availability, and partition tolerance.",computer_science
Clean drinking water sanitation infrastructure is vital for public hygiene and disease prevention.,general
In technical documentation: Sequence-to-sequence models map input sequences to target sequences via encoder-decoder pipelines.,deep_learning
"The maritime museum displayed model merchant sailing vessels, historic compasses, and naval logbooks.",general
In technical documentation: Softmax converts raw logits into a probability distribution over the vocabulary.,deep_learning
Note that Cauchy sequence complete metric space में convergent limit provide करती है।,mathematics
Batch normalization stabilizes training by normalizing layer activations across a mini-batch.,deep_learning
Probability distributions satisfy axioms of non-negativity and unitary total measure.,mathematics
"The CAP theorem states distributed data stores can provide at most two of consistency, availability, and partition tolerance.",computer_science
Relational databases use structured query language to manage relational schemas and tables.,computer_science
"In technical documentation: A group is an algebraic structure with an associative binary operation, identity element, and inverses.",mathematics
In technical documentation: Dropout randomly zeroes activations during training to reduce overfitting in deep networks.,deep_learning
In technical documentation: Coffee brewing methods vary from Italian espresso machines to French press and pour-over filters.,general
In technical documentation: An autoencoder learns a compressed latent representation and then reconstructs the input.,deep_learning
Note that Morning yoga session mental peace और physical flexibility enhance करने में help करता है।,general
In technical documentation: A language model learns to predict the next token given all previous tokens in the context.,deep_learning
Spectral normalization constrains the Lipschitz constant of discriminator layers in generative models.,deep_learning
कंपाइलर उच्च स्तरीय प्रोग्रामिंग कोड को मशीन भाषा में अनुवादित करता है।,computer_science
वेक्टर स्पेस में सदिश जोड़ और स्केलर गुणन के नियम लागू होते हैं।,mathematics
In technical documentation: FlashAttention accelerates transformer execution by optimizing GPU SRAM tile reads and memory bandwidth.,deep_learning
